DEPARTAMENTO;LOCALIDAD;CODIGO POSTAL
Artigas;Baltasar Brum;55000
Artigas;Bella Unión;55100
Artigas;Bernabé Rivera;55000
Artigas;Cainsa;55100
Artigas;Cainza Campo 3;55100
Artigas;Calnu;55100
Artigas;Camaño;55000
Artigas;Catalan Grande;55000
Artigas;Catalan Volcan;55000
Artigas;Cerrito;55000
Artigas;Cerro Ejido;55000
Artigas;Cerro San Eugenio;55000
Artigas;Cerro Signorelli;55000
Artigas;Chiflero;55000
Artigas;Colonia España;55100
Artigas;Colonia Estrella;55100
Artigas;Colonia José Artigas;55000
Artigas;Colonia Palma;55100
Artigas;Colonia Pintado;55000
Artigas;Colonia Viñar;55100
Artigas;Coronado;55100
Artigas;Cuareim;55100
Artigas;Cuaro;55000
Artigas;Diego Lamas;55000
Artigas;Estiba;55000
Artigas;Fagundez;55000
Artigas;Franquia;55100
Artigas;Guyubira;55000
Artigas;Javier de Viana;55000
Artigas;La Bolsa;55000
Artigas;Las Piedras;55100
Artigas;Lenguazo;55100
Artigas;Meneses;55000
Artigas;Mones Quintela;55100
Artigas;Paguero;55000
Artigas;Palma Sola;55000
Artigas;Paredon;55100
Artigas;Paso Campamento;55000
Artigas;Paso de la Cruz;55100
Artigas;Paso de Leon;55000
Artigas;Paso de Ramos;55000
Artigas;Paso Farias;55000
Artigas;Patitas;55000
Artigas;Piedra Pintada;55000
Artigas;Pintadito;55000
Artigas;Pintado;55000
Artigas;Pintado Grande;55000
Artigas;Port. de Hierro y Campodonico;55100
Artigas;Rincón de Pacheco;55000
Artigas;Sarandi de Cuaro;55000
Artigas;Sarandi de Yacuy;50200
Artigas;Sequeira;55000
Artigas;Tamandua;55000
Artigas;Taruman;55000
Artigas;Tomás Gomensoro;55100
Artigas;Topador;55000
Artigas;Zanja Aruera;55000
Canelones;Aeropuerto Internacional de Carrasco;15000
Canelones;Aguas Corrientes;90200
Canelones;Altos de la Tahona;15800
Canelones;Araminda;15400
Canelones;Arenal;91200
Canelones;Argentino;15400
Canelones;Atlantida;15200
Canelones;Barra de Carrasco;15000
Canelones;Barra de la Pedrera;91600
Canelones;Barra del Tala;91300
Canelones;Barrancas Coloradas;90100
Canelones;Barrio Artigas;15700
Canelones;Barrio Benzo;15700
Canelones;Barrio Copola;15900
Canelones;Barrio del Libertador;91500
Canelones;Barrio la Lucha;15900
Canelones;Barrio los Panoramas;15700
Canelones;Barrio Monterrey;15000
Canelones;Barrio Obrero;15000
Canelones;Barrio Pretti;15700
Canelones;Barrio Remanso;15900
Canelones;Barrio San Cristobal;15800
Canelones;Barrio Santa Rita;15700
Canelones;Barrio Traverso;15700
Canelones;Barrio Villa Murcia;15700
Canelones;Barros Blancos;15500
Canelones;Bello Horizonte;15300
Canelones;B.h.u.;15400
Canelones;Biarritz;15400
Canelones;Blanco;91500
Canelones;Bolivar;96200
Canelones;Camino de la Cadena;90000
Canelones;Camino Dodera;15900
Canelones;Camino Lloveras;90100
Canelones;Campo Militar;90100
Canelones;Canelon Chico;90000
Canelones;Canelon Chico al Centro;15900
Canelones;Canelon Chico de Progreso;15900
Canelones;Canelones;90000
Canelones;Canelon Grande;91400
Canelones;Canelon Grande de Pacheco;90000
Canelones;Canelon Grande Norte;91300
Canelones;Cañada Cardozo;91300
Canelones;Cañada de Montaño;90000
Canelones;Cañada de Montaño;90200
Canelones;Cañada Grande;15600
Canelones;Cañada Prudencio;91100
Canelones;Capilla de Cella;15400
Canelones;Carmel;15800
Canelones;Carrasco del Sauce;91500
Canelones;Casarino;15700
Canelones;Cerrillos al Oeste;90100
Canelones;Cerrillos al Sur;90100
Canelones;City Golf;15200
Canelones;Ciudad de la Costa;15000
Canelones;Ciudad de la Costa;15800
Canelones;Cochengo;91600
Canelones;Colinas de Carrasco;15500
Canelones;Colinas de Solymar;15800
Canelones;Colonia Lamas;15000
Canelones;Colonia Nicolich;15000
Canelones;Colorado Chico;15900
Canelones;Colorado y Brujas;90100
Canelones;Costa Azul;15300
Canelones;Costa del Pantanoso;91400
Canelones;Costa del Sauce;91500
Canelones;Costa del Tala Este;91200
Canelones;Costa del Tala Norte;91100
Canelones;Costa de Pando;91600
Canelones;Costa de Pando Olmos;15600
Canelones;Costa de Pando San Bautista;91200
Canelones;Costa de Pando San Jacinto;91400
Canelones;Costas del Colorado;91300
Canelones;Costas del Colorado Este;91200
Canelones;Costas del Tala;91300
Canelones;Costas de Pedernal;91800
Canelones;Costas de Santa Lucia;96200
Canelones;Costas de Solis;91600
Canelones;Costa y Guillamon;15900
Canelones;Cruz de los Caminos;91500
Canelones;Cuchilla Alta;15400
Canelones;Cuchilla Alta y el Galeon;15400
Canelones;Cuchilla Cabo de Hornos;91700
Canelones;Cuchilla de Machin;91500
Canelones;Cuchilla de Rocha;91500
Canelones;Cuchilla de Sierra;15900
Canelones;Cuchilla de Zeballos;91700
Canelones;Cuchilla Verde;90200
Canelones;Cueva del Tigre;15600
Canelones;Cumbres de Carrasco;15500
Canelones;Doctor Francisco Soca;15600
Canelones;Echevarria;90000
Canelones;El Bosque;15000
Canelones;El Bosque de Lagomar;15000
Canelones;El Bosque de Solymar;15800
Canelones;El Colorado;15900
Canelones;El Colorado de Migues;91700
Canelones;El Colorado San Bautista;91200
Canelones;El Cuadro;91200
Canelones;El Dorado;15900
Canelones;El Galeon;15400
Canelones;El Pinar;15800
Canelones;Empalme Dogliotti;90000
Canelones;Empalme Nicolich;15000
Canelones;Empalme Olmos;15600
Canelones;Empalme Sauce;15700
Canelones;Empalme Sauce;91500
Canelones;Esquina Gonzalez;90100
Canelones;Estación Atlantida;15200
Canelones;Estación la Floresta;15300
Canelones;Estación Migues;91700
Canelones;Estación Pedrera;91600
Canelones;Estación Piedras de Afilar;15400
Canelones;Estación Tapia;91600
Canelones;Estanque de Pando;15600
Canelones;Feliciano;91800
Canelones;Fortin de Santa Rosa;15100
Canelones;Fortin de Santa Rosa;15200
Canelones;Fracc. Camino Maldonado;15500
Canelones;Fracc. Cno. Andaluz y R.84;15700
Canelones;Fracc. Progreso;15900
Canelones;Fracc. Sobre Ruta 74;15500
Canelones;Guazuvira;15300
Canelones;Guazuvira Nuevo;15300
Canelones;Haras del Lago;15800
Canelones;Instituto Adventista;15900
Canelones;Jardines de Pando;15600
Canelones;Jaureguiberry;15400
Canelones;Joaquín Suárez;15500
Canelones;Juanico;90000
Canelones;La Asuncion;15800
Canelones;La Chinchilla;15200
Canelones;La Floresta;15300
Canelones;Lago Jardin del Bosque;15000
Canelones;Lago Jardin del Bosque;15800
Canelones;Lagomar;15000
Canelones;La Montañesa;15600
Canelones;La Palmita;15600
Canelones;La Paloma;90000
Canelones;La Paz;15900
Canelones;Las Brujas;90100
Canelones;Las Higueritas;15800
Canelones;Las Piedras;15900
Canelones;Las Ranas;15600
Canelones;Las Toscas;15200
Canelones;Las Vegas;15300
Canelones;Las Violetas;90000
Canelones;La Totora;91600
Canelones;La Totora;91700
Canelones;La Tuna;15400
Canelones;Lomas de Carrasco;15800
Canelones;Lomas de Solymar;15800
Canelones;Lomas de Toledo;15700
Canelones;Los Ceibos;90200
Canelones;Los Cerrillos;90100
Canelones;Los Hornos;15700
Canelones;Los Titanes;15400
Canelones;Macana;91800
Canelones;Margat;90200
Canelones;Marindia;15100
Canelones;Mataojo;90000
Canelones;Mata Siete;91500
Canelones;Medanos de Solymar;15800
Canelones;Melgarejo;90000
Canelones;Melilla;90100
Canelones;Migues;91700
Canelones;Mirador de la Tahona;15500
Canelones;Monaco de Carrasco;15000
Canelones;Montes;91700
Canelones;Montes de Solymar;15800
Canelones;Murialdo;90000
Canelones;Nataly;15700
Canelones;Neptunia;15100
Canelones;Nutrias;91800
Canelones;Olmos;15600
Canelones;Pando;15600
Canelones;Pantanoso;91500
Canelones;Pantanoso del Sauce;91500
Canelones;Parada Cabrera;15900
Canelones;Parador Tajes;90100
Canelones;Parque Carrasco;15000
Canelones;Parque del Plata;15300
Canelones;Parque de Solymar;15800
Canelones;Parque Miramar;15000
Canelones;Paso Arbelo;30100
Canelones;Paso Carrasco;15000
Canelones;Paso de Cuello;90000
Canelones;Paso de la Cadena;91300
Canelones;Paso de la Paloma;91400
Canelones;Paso de la Salamanca;91800
Canelones;Paso de las Toscas;90000
Canelones;Paso del Bote;90100
Canelones;Paso del Colorado;15900
Canelones;Paso del Medio;90000
Canelones;Paso de los Alamos;90200
Canelones;Paso de los Difuntos;91200
Canelones;Paso de los Francos;90200
Canelones;Paso del Sordo;90200
Canelones;Paso de Pache;90200
Canelones;Paso Espinosa;90000
Canelones;Paso Palomeque;90000
Canelones;Paso Rivero de Vejigas;91800
Canelones;Pedernal;91800
Canelones;Pedernal Chico;91800
Canelones;Pedernal Grande;91700
Canelones;Piedra del Toro;15600
Canelones;Piedras de Afilar;15400
Canelones;Piedra Sola;91600
Canelones;Piedritas;91800
Canelones;Piedritas de Suárez;15600
Canelones;Pinamar;15100
Canelones;Pinamar - Pinepark;15100
Canelones;Pinares de Solymar;15800
Canelones;Pine Park;15100
Canelones;Ponce Mata Siete;91500
Canelones;Poquitos;15900
Canelones;Progreso;15900
Canelones;Pueblo Castellanos;91200
Canelones;Puente de Brujas;90100
Canelones;Puntas de Brujas;90100
Canelones;Puntas de Canelon Chico;15900
Canelones;Puntas de Cañada Cardozo;91300
Canelones;Puntas de Cañada Grande;15600
Canelones;Puntas de Cochengo;91600
Canelones;Puntas del Arenal;91700
Canelones;Puntas de las Violetas;91200
Canelones;Puntas de Mata Siete;91500
Canelones;Puntas de Pantanoso;91400
Canelones;Puntas de Pantanoso Este;91400
Canelones;Puntas de Pedrera;91600
Canelones;Puntas de Toledo;15700
Canelones;Puntas de Vejigas;91800
Canelones;Quinta los Horneros;15500
Canelones;Quintas del Bosque;15800
Canelones;Rancherios de Ponce;91500
Canelones;Rincón de Carrasco;15500
Canelones;Rincón del Colorado;90100
Canelones;Rincón del Conde;91100
Canelones;Rincón del Gigante;90000
Canelones;Rincón de Pando;15100
Canelones;Rincón de Portezuelo;90100
Canelones;Rincón de Velazquez;90200
Canelones;Rincón de Vidal;90200
Canelones;Salinas;15100
Canelones;San Antonio;91300
Canelones;San Bautista;91200
Canelones;San Jacinto;91600
Canelones;San José de Carrasco;15000
Canelones;San Luis;15400
Canelones;San Pedro;91500
Canelones;San Ramón;91100
Canelones;Santa Ana;15400
Canelones;Santa Lucia;90200
Canelones;Santa Lucia del Este;15400
Canelones;Santa Rosa;91400
Canelones;Santa Teresita;15000
Canelones;Santos Lugares;15900
Canelones;Sarandi de Migues;91700
Canelones;Sauce;91500
Canelones;Sauce de Solis;30100
Canelones;Sauce Solo;91700
Canelones;Sauce Solo de Migues;91700
Canelones;Sauce Solo de Montes;91700
Canelones;Seis Hermanos;15700
Canelones;Shangrila;15000
Canelones;Sofia Santos;90100
Canelones;Solis Chico;91700
Canelones;Solis Chico de Migues;91700
Canelones;Solymar;15800
Canelones;Sosa Diaz;15600
Canelones;Tala;91800
Canelones;Talita;91600
Canelones;Toledo;15700
Canelones;Totoral del Sauce;91500
Canelones;Vejigas;91800
Canelones;Vejigas de San Ramón;91100
Canelones;Vejigas de Tala;91800
Canelones;Viejo Molino San Bernardo;15600
Canelones;Villa Aeroparque;15500
Canelones;Villa Arejo;90000
Canelones;Villa Argentina;15200
Canelones;Villa Crespo y San Andrés;15700
Canelones;Villa el Tato;15500
Canelones;Villa Encantada;90100
Canelones;Villa Felicidad;15900
Canelones;Villa Foresti;15900
Canelones;Villa Fortuna;15700
Canelones;Villa Gabi;15700
Canelones;Villa Hadita;15500
Canelones;Villa Hadita;15700
Canelones;Villa Huertos de Toledo;15700
Canelones;Villa Juana;15100
Canelones;Villa Juanita;15700
Canelones;Villa los Alpes;15700
Canelones;Villa Marina;15700
Canelones;Villa Molfino;15700
Canelones;Villa Nueva;91500
Canelones;Villa Paz S.a.;15900
Canelones;Villa Prados de Toledo;15700
Canelones;Villa San Cono;15900
Canelones;Villa San Felipe;15700
Canelones;Villa San José;15700
Canelones;Villa Valverde;15700
Canelones;Vina del Mar;15000
Canelones;Vista Linda;15900
Cerro Largo;Acegua;37000
Cerro Largo;Aguirre;36200
Cerro Largo;Amarillo;37000
Cerro Largo;Arachania;37000
Cerro Largo;Arbolito;37000
Cerro Largo;Arevalo;35300
Cerro Largo;Arroyo Malo;37100
Cerro Largo;Arrozal Cesarone;37100
Cerro Largo;Arrozal Rosales;37100
Cerro Largo;Asperezas;37000
Cerro Largo;Bañado de las Pajas;37100
Cerro Largo;Bañado de Medina;37000
Cerro Largo;Barra del Sauce;37100
Cerro Largo;Barra del Tacuari;37100
Cerro Largo;Barrio la Vinchuca;37000
Cerro Largo;Barrio Lopez Benitez;37000
Cerro Largo;Berachi;37000
Cerro Largo;Buena Vista;37000
Cerro Largo;Calera de Recalde;36200
Cerro Largo;Campamento;37000
Cerro Largo;Cañada Brava;97000
Cerro Largo;Cañada de Santos;37100
Cerro Largo;Cañada Grande;37100
Cerro Largo;Cañada Sarandi;37000
Cerro Largo;Cañitas;37000
Cerro Largo;Casa de las Cronicas;37000
Cerro Largo;Caserio las Cañas;37000
Cerro Largo;Cementerio;37000
Cerro Largo;Centurion;37000
Cerro Largo;Cerro de las Cuentas;36200
Cerro Largo;Chacras de Melo;37000
Cerro Largo;Coimbra;36200
Cerro Largo;Colonia Ceres;37000
Cerro Largo;Colonia María Teresa;37000
Cerro Largo;Colonia Orozco;37000
Cerro Largo;Conventos;37000
Cerro Largo;Corral de Piedra;37000
Cerro Largo;Cruz de Piedra;37000
Cerro Largo;Cuchilla Cambota;37000
Cerro Largo;Cuchilla del Carmen;35300
Cerro Largo;Cuchilla del Paraiso;37000
Cerro Largo;Cuchilla de Melo;37000
Cerro Largo;Cuchilla Peralta;37000
Cerro Largo;Duraznero;37000
Cerro Largo;Escuela de Agronomia;37000
Cerro Largo;Esperanza;35300
Cerro Largo;Falda de Sierra de los Rios;37000
Cerro Largo;Fraile Muerto;36200
Cerro Largo;Ganen;36200
Cerro Largo;Garao;37100
Cerro Largo;Granja de Acegua;37000
Cerro Largo;Granja Pallero;37000
Cerro Largo;Guazunambi;37000
Cerro Largo;Hipodromo;37000
Cerro Largo;Infiernillo;37000
Cerro Largo;Isidoro Noblia;37000
Cerro Largo;La Coronilla;37100
Cerro Largo;La Gloria;37000
Cerro Largo;Lago Merin;37100
Cerro Largo;Laguna del Junco;36100
Cerro Largo;La Micaela;37000
Cerro Largo;La Mina;37000
Cerro Largo;La Pedrera;37000
Cerro Largo;Las Limas;36200
Cerro Largo;Los Cerros;36200
Cerro Largo;Mangrullo;37000
Cerro Largo;María Isabel;37000
Cerro Largo;Mazangano;37000
Cerro Largo;Melo;37000
Cerro Largo;Minuano de Acegua;37000
Cerro Largo;Misterio;37000
Cerro Largo;Montecito;37000
Cerro Largo;Nando;37000
Cerro Largo;Ñangapire;37000
Cerro Largo;Panteon;37000
Cerro Largo;Paso de la Cruz;37000
Cerro Largo;Paso de las Tropas;37000
Cerro Largo;Paso de las Yeguas;37000
Cerro Largo;Paso de los Carros;36200
Cerro Largo;Paso Melo;37000
Cerro Largo;Paso Pereira;45000
Cerro Largo;Peñarol;37000
Cerro Largo;Picada de Maya;37100
Cerro Largo;Picada de Salome;37100
Cerro Largo;Piedra Alta;45000
Cerro Largo;Piñeiro;36200
Cerro Largo;Placido Rosas;37100
Cerro Largo;Poblado Uruguay;37100
Cerro Largo;Presidente Doctor Getulio Vargas;37100
Cerro Largo;Puente Negro;37000
Cerro Largo;Puntas de Amarillo;37000
Cerro Largo;Puntas de la Mina;37000
Cerro Largo;Puntas del Sauce;37100
Cerro Largo;Puntas de Molles;37000
Cerro Largo;Puntas de Palleros;37000
Cerro Largo;Puntas de Tacuari;36200
Cerro Largo;Quebracho;36200
Cerro Largo;Ramón Trigo;37000
Cerro Largo;Rincón de Contreras;36200
Cerro Largo;Rincón de la Urbana;36200
Cerro Largo;Rincón de los Coroneles;37000
Cerro Largo;Rincón de los Olivera;37100
Cerro Largo;Rincón de Paiva;37000
Cerro Largo;Rincón de Py;36200
Cerro Largo;Rincón de Suárez;36200
Cerro Largo;Rincón de Tacuari;37000
Cerro Largo;Rio Branco;37100
Cerro Largo;Rodriguez;37000
Cerro Largo;Saldañas;37000
Cerro Largo;Sanchez;36200
Cerro Largo;San Diego;37000
Cerro Largo;San Servando;37100
Cerro Largo;Santa Teresa;37000
Cerro Largo;Sarandi de Acegua;37000
Cerro Largo;Sarandi de Barcelo;37100
Cerro Largo;Sarandi de Yaguaron;37100
Cerro Largo;Sauce de Conventos;37000
Cerro Largo;Soto Goro;37000
Cerro Largo;Toledo;36200
Cerro Largo;Tres Boliches;37000
Cerro Largo;Tres Islas;36200
Cerro Largo;Tupambae;36100
Cerro Largo;Uruguay;37100
Cerro Largo;Villa Viñoles;37000
Cerro Largo;Wenceslao Silvera;36200
Colonia;Agraciada;70700
Colonia;Arrivillaga;70500
Colonia;Artilleros;70000
Colonia;Barker;70200
Colonia;Barker Norte;70200
Colonia;Barrancas Coloradas;70300
Colonia;Barrio Mendaña;70300
Colonia;Barrio Olimpico;70300
Colonia;Belgrano Norte;70700
Colonia;Belgrano Sur;70700
Colonia;Blanca Arena;70300
Colonia;Boca del Rosario;70300
Colonia;Boca del Rosario Oeste;70500
Colonia;Bonjour;70300
Colonia;Brisas del Plata;70300
Colonia;Buena Hora;70100
Colonia;Campamento Artigas;70300
Colonia;Campana;70800
Colonia;Carmelo;70100
Colonia;Caserio el Cerro;70100
Colonia;Cerro Carmelo;70100
Colonia;Cerro de las Armas;70800
Colonia;Cerros de San Juan;70000
Colonia;Cerros Negros;70300
Colonia;Chico Torino;70400
Colonia;Colonia Arrue;70100
Colonia;Colonia Cosmopolita;70500
Colonia;Colonia del Sacramento;70000
Colonia;Colonia Española;70300
Colonia;Colonia Estrella;70100
Colonia;Colonia Miguelete;70800
Colonia;Colonia Peirano;70200
Colonia;Colonia Quevedo;70300
Colonia;Colonia Sarandi;70800
Colonia;Colonia Talice;70200
Colonia;Colonia Valdense;70400
Colonia;Conchillas;70000
Colonia;Concordia;70300
Colonia;Costa de Colla al Este;70200
Colonia;Costa del Navarro;70200
Colonia;Costa de Rosario;70300
Colonia;Costa de Tarariras;70600
Colonia;Costa de Vacas;70100
Colonia;Costas de Juan Gonzalez;70100
Colonia;Costas de Polonia;70200
Colonia;Costas de San Juan;70800
Colonia;Cufre;70300
Colonia;Curupi;70100
Colonia;El Bañado;70000
Colonia;El Caño;70000
Colonia;El Cerro;70100
Colonia;El Chileno;70100
Colonia;El Cuadro;70800
Colonia;El Ensueño;70000
Colonia;El Faro;70100
Colonia;El General;70000
Colonia;El Quinton;70000
Colonia;El Semillero;70000
Colonia;Estación Experimental "la Estanzuela";70000
Colonia;Estancia Anchorena;70000
Colonia;Florencio Sanchez;75200
Colonia;Gil;70000
Colonia;Juan Carlos Caseros;70000
Colonia;Juan Gonzalez;70100
Colonia;Juan Jackson;75200
Colonia;Juan Lacaze;70500
Colonia;La Estanzuela;70000
Colonia;Laguna de los Patos;70000
Colonia;La Horqueta;70000
Colonia;La Paz;70200
Colonia;Las Chispas;70800
Colonia;Las Flores;70700
Colonia;La Sierra;70300
Colonia;Lomas de Carmelo;70100
Colonia;Los Pinos;70300
Colonia;Manantiales;70800
Colonia;Martín Chico;70100
Colonia;Martín Chico de Conchillas;70000
Colonia;Media Agua;70200
Colonia;Miguelete de Conchillas;70800
Colonia;Minas de Narancio;70000
Colonia;Minuano y Sauce;70200
Colonia;Molles de Miguelete;70800
Colonia;Nueva Helvecia;70300
Colonia;Nueva Palmira;70700
Colonia;Ombues de Lavalle;70800
Colonia;Paraje Minuano;70500
Colonia;Paso Antolin;70600
Colonia;Paso Birriel;75200
Colonia;Paso de la Quinta;70300
Colonia;Paso Hospital;70600
Colonia;Paso Hospital Manantiales;70800
Colonia;Paso Morlan;70200
Colonia;Paso Quicho;70200
Colonia;Pastoreo;70200
Colonia;Picada de Benitez;70300
Colonia;Piedra Chata;75200
Colonia;Piedra de los Indios;70000
Colonia;Piedras Blancas;70800
Colonia;Playa Azul;70300
Colonia;Playa Britopolis;70300
Colonia;Playa Fomento;70300
Colonia;Playa Parant;70300
Colonia;Polancos;70700
Colonia;Puerto Concordia;70200
Colonia;Puerto Ingles;70000
Colonia;Puerto Platero;70000
Colonia;Puerto Rosario;70200
Colonia;Punta Francesa;70000
Colonia;Puntas de Juan Gonzalez;70800
Colonia;Puntas del Riachuelo;70600
Colonia;Puntas del Rosario;70200
Colonia;Puntas del Sauce;70600
Colonia;Puntas de Melo;70600
Colonia;Puntas de San Juan;70800
Colonia;Puntas de San Pedro;70000
Colonia;Quinton;70000
Colonia;Radial Hernandez;70000
Colonia;Radial Rosario;70200
Colonia;Real de Vera;70000
Colonia;Reducto;70000
Colonia;Resguardo Cufre;70300
Colonia;Riachuelo;70000
Colonia;Rincón del Rey;70300
Colonia;Rosario;70200
Colonia;Rosario y Colla;70200
Colonia;San Juan;70600
Colonia;San Luis;70600
Colonia;San Luis de Tarariras;70600
Colonia;San Luis Sanchez;70600
Colonia;San Pedro;70000
Colonia;San Pedro de Arriba;70000
Colonia;San Pedro Norte;70000
Colonia;San Roque;70800
Colonia;Santa Ana;70000
Colonia;Santa Regina;70300
Colonia;Santa Rosa;70000
Colonia;Sarandi Campana;70800
Colonia;Tarariras;70600
Colonia;Terminal;70200
Colonia;Tomás Bell;70500
Colonia;Tres Esquinas;70200
Colonia;Viboras;70100
Colonia;Viboras y Vacas;70100
Colonia;Villa Pancha;70500
Colonia;Zagarzazu;70100
Colonia;Zunin;75200
Durazno;Abella;97000
Durazno;Aguas Buenas;97000
Durazno;Arroyo de los Perros;97000
Durazno;Barrancas Coloradas;97000
Durazno;Barrio Duran;97000
Durazno;Batovi;97000
Durazno;Baygorria;97000
Durazno;Blanquillo;97000
Durazno;Blanquillo al Oeste;97000
Durazno;Caballero;97000
Durazno;Capilla de Farruco;97000
Durazno;Carlos Reyles;97000
Durazno;Ceibal;97000
Durazno;Cerrezuelo;97000
Durazno;Cerro Chato;35200
Durazno;Cerro Convento;97000
Durazno;Chacras de Durazno;97000
Durazno;Chileno;97000
Durazno;Chileno Chico;97000
Durazno;Chileno Grande (aguero);97000
Durazno;Costa de Cuadra;97000
Durazno;Cuchilla del Rincón;97000
Durazno;Cuchilla de Ramirez;97000
Durazno;De Dios;98000
Durazno;Durazno;97000
Durazno;Elias Regules;98000
Durazno;Estación Chileno;97000
Durazno;Feliciano;97000
Durazno;Fonseca;97000
Durazno;Higueras de Carpinteria;97000
Durazno;La Alegria;97000
Durazno;La Mazamorra;97000
Durazno;La Paloma;97000
Durazno;Las Acacias;97000
Durazno;Las Cañas;97000
Durazno;Las Palmas;97000
Durazno;Las Tunas;97000
Durazno;Los Agregados;97000
Durazno;Los Tapes;97000
Durazno;Maestre Campo;97000
Durazno;Malbajar Este;98000
Durazno;Malbajar Oeste;98000
Durazno;María Cejas;97000
Durazno;Mariscala;98000
Durazno;Mariscala del Carmen;97000
Durazno;Molles Chico;45100
Durazno;Molles de Quinteros;97000
Durazno;Mouriño;97000
Durazno;Municipio de Durazno;97000
Durazno;Ombues de Oribe;97000
Durazno;Palmar de Porrua;65100
Durazno;Palmar de Porrua;97000
Durazno;Parada Sur;45100
Durazno;Parish;45100
Durazno;Paso de Aguirre;98000
Durazno;Paso de Castro;98000
Durazno;Paso del Medio las Palmas;98000
Durazno;Paso Ramirez;97000
Durazno;Paso Real de Carpinteria;97000
Durazno;Paso Tejera;97000
Durazno;Pueblo Centenario;45100
Durazno;Pueblo de Alvarez;97000
Durazno;Puglia;97000
Durazno;Puntas de Carpinteria;97000
Durazno;Puntas de Herrera;98000
Durazno;Puntas de Malbajar;98000
Durazno;Rincón de Cuadra;97000
Durazno;Rincón de los Tapes;97000
Durazno;Rolon;97000
Durazno;Rossell y Rius;98000
Durazno;Salinas;97000
Durazno;Salinas Chico;97000
Durazno;Sande Chico;97000
Durazno;Sandu Chico;97000
Durazno;San Jorge;97000
Durazno;San José de las Cañas;97000
Durazno;Santa Bernardina;97000
Durazno;Sarandi de la China;45100
Durazno;Sarandi del Yi;98000
Durazno;Sarandi de Rio Negro;97000
Durazno;Sauce de Herrera;97000
Durazno;Sauce del Yi;97000
Durazno;Tala de Mariscala;98000
Durazno;Tejera;97000
Durazno;Verdun;97000
Durazno;Villa del Carmen;97000
Durazno;Villasboas;97000
Flores;Ahogados;94100
Flores;Andresito;85000
Flores;Arenal Chico;85000
Flores;Arenal Grande;85000
Flores;Arroyo Malo;85000
Flores;Cañada Amilivia;85000
Flores;Cerro Colorado;85000
Flores;Chacras;85000
Flores;Chacras de Borghi;85000
Flores;Colonia Alemana;85000
Flores;Costas del Tala;85000
Flores;Costas de San José;85000
Flores;Cuchilla de Villasboas;85000
Flores;El Coronilla;85000
Flores;El Totoral;85000
Flores;Ferrizo;85000
Flores;Ismael Cortinas;85000
Flores;Juan José Castro;85000
Flores;La Alianza;85000
Flores;La Casilla;85000
Flores;La Cordobesa;97000
Flores;La Guardia;85000
Flores;Los Puentes;85000
Flores;Marincho;85000
Flores;Paso de Lugo;85000
Flores;Paso Hondo;85000
Flores;Pueblo Pintos;85000
Flores;Puntas de Chamanga;85000
Flores;Puntas del Corral de Piedra;94100
Flores;Puntas del Sauce;85000
Flores;Puntas de Marincho;85000
Flores;Puntas de San José;85000
Flores;Puntas de Sarandi;85000
Flores;Rincón del Palacio;85000
Flores;San Gregorio de Flores;85000
Flores;Santa Adelaida;85000
Flores;Sarandi;85000
Flores;Talas de Maciel;94100
Flores;Trinidad;85000
Flores;Villa Pastora;85000
Flores;Villasboas;85000
Florida;25 de Agosto;95400
Florida;25 de Mayo;95100
Florida;Alejandro Gallinal;96500
Florida;Arrayan;34200
Florida;Arroyo Chamizo;96200
Florida;Arroyo de los Negros;94100
Florida;Arroyo Latorre;96200
Florida;Arroyo Monzon;98000
Florida;Arroyo Pelado;95500
Florida;Arteaga;96500
Florida;Barra Molles del Timote;98000
Florida;Barra Sauce de Mansavillagra;98000
Florida;Berrondo;94000
Florida;Calleri;94100
Florida;Candil;94000
Florida;Capilla del Sauce;98000
Florida;Cardal;95200
Florida;Caserio la Fundacion;94100
Florida;Casupa;96300
Florida;Cerro Chato;35200
Florida;Cerro de la Macana;94000
Florida;Cerros de Florida;94000
Florida;Chacras de Florida;94000
Florida;Chacras del Pintado;94000
Florida;Chamizo;96100
Florida;Chamizo Chico;96100
Florida;Chilcas;98000
Florida;Chingolas;98000
Florida;Colonia Sanchez;94000
Florida;Colonia Treinta y Tres Orientales;96100
Florida;Corral de Piedra;94100
Florida;Costa de Arias;94000
Florida;Costa de Illescas;98000
Florida;Costa de la Cruz;94000
Florida;Costa del Tala;94100
Florida;Costa de Parana;94100
Florida;Costas de Arias;94000
Florida;Costas de Chamizo;96100
Florida;Costas de Chamizo Grande;96200
Florida;Costas del Amarillo;96300
Florida;Costas del Pintado;94000
Florida;Costas del Santa Lucia Grande;96100
Florida;Costas de Maciel;94100
Florida;Costas de Santa Lucia Chico;95200
Florida;Cuchilla Santo Domingo;94100
Florida;Dr. A. Gallinal;94000
Florida;Estación Capilla del Sauce;98000
Florida;Ferrer;98000
Florida;Florida;94000
Florida;Fray Marcos;96200
Florida;Goñi;97000
Florida;Hernandarias;94000
Florida;Illescas;34200
Florida;Independencia;95300
Florida;José Batlle y Ordóñez;34200
Florida;Juncal;94000
Florida;La Cimbra;94100
Florida;La Cruz;94000
Florida;La Escobilla;96200
Florida;La Macana;94000
Florida;La Palma;98000
Florida;Las Piedritas;94000
Florida;La Victoria;98000
Florida;Mansavillagra;98000
Florida;Mendoza Chico;95600
Florida;Mendoza Grande;95500
Florida;Molles del Pescado;34200
Florida;Molles del Timote;94000
Florida;Montecoral;98000
Florida;Nico Perez;34200
Florida;Palermo;94000
Florida;Pantanoso de Castro;94000
Florida;Paso Calleros;94000
Florida;Paso de los Novillos;95100
Florida;Paso Real de Mansavillagra;96500
Florida;Paso Vela;95100
Florida;Piedra Campana;96400
Florida;Piedras Coloradas;94100
Florida;Pintado;94100
Florida;Polanco del Yi;94100
Florida;Pueblo de los Morochos;35100
Florida;Puente de Mendoza;95500
Florida;Puntas de Calleros;94000
Florida;Puntas de Chamame;96500
Florida;Puntas de Chamizo;96300
Florida;Puntas de Illescas;34200
Florida;Puntas de la Escobilla;96200
Florida;Puntas del Arroyo Latorre;96200
Florida;Puntas de Maciel;94100
Florida;Puntas de Mansavillagra;96500
Florida;Puntas de Sarandi;94100
Florida;Puntas de Sauce de Maciel;94100
Florida;Reboledo;96400
Florida;Rincón de los Camilos;97000
Florida;Rincón de Vignoli;95500
Florida;Rincón Sauce del Yi;98000
Florida;San Gabriel;94000
Florida;San Geronimo;94000
Florida;San Juan;94000
Florida;San Pedro de Timote;94000
Florida;Santa Clara;98000
Florida;Santa Teresa;94000
Florida;Sarandi Grande;94100
Florida;Sauce del Yi;97000
Florida;Sauce de Maciel;94100
Florida;Sauce de Villanueva;97000
Florida;Tabare;98000
Florida;Tala de Castro;94000
Florida;Tala de Maciel;94100
Florida;Talita;94000
Florida;Tornero;94000
Florida;Urioste;94000
Florida;Valentines;35100
Florida;Vignoli;96300
Florida;Villa Hipica;94100
Florida;Villa Vieja;94000
Lavalleja;19 de Junio;30300
Lavalleja;Abra de Zabaleta;30000
Lavalleja;Aguas Blancas;30100
Lavalleja;Alonso;30300
Lavalleja;Aramendia;30300
Lavalleja;Arequita;30000
Lavalleja;Arroyo del Medio;30000
Lavalleja;Arroyo de los Patos;30000
Lavalleja;Azucar;30300
Lavalleja;Barra de los Chanchos;30000
Lavalleja;Barrancas;30000
Lavalleja;Barriga Negra;30000
Lavalleja;Barrio la Coronilla - Ancap;30000
Lavalleja;Blanes Viale;30000
Lavalleja;Campanero;30000
Lavalleja;Canteras del Verdun;30000
Lavalleja;Carnales;30300
Lavalleja;Casupa;96300
Lavalleja;Casupa Chico;30000
Lavalleja;Cerro Pelado;30000
Lavalleja;Chamame;30000
Lavalleja;Colon;30000
Lavalleja;Consejo del Niño;30000
Lavalleja;Costa del Lenguazo;30000
Lavalleja;Costas de Corrales;30300
Lavalleja;Costas del Soldado;30000
Lavalleja;El Alto;30000
Lavalleja;El Perdido;30000
Lavalleja;El Soldado;30000
Lavalleja;El Tigre;30000
Lavalleja;Espuelitas;30000
Lavalleja;Estación Andreoni;30000
Lavalleja;Estación Ortiz;30000
Lavalleja;Estación Solis;30000
Lavalleja;Gaetan (cuchilla de Carbajal);96300
Lavalleja;Godoy;34200
Lavalleja;Gutierrez;30300
Lavalleja;Higueritas;30000
Lavalleja;Illescas;34200
Lavalleja;José Batlle y Ordóñez;34200
Lavalleja;José Pedro Varela;30300
Lavalleja;La Cuchilla;30000
Lavalleja;Ladrillos;30000
Lavalleja;La Plata;30000
Lavalleja;Larrosa;34200
Lavalleja;Las Achiras;30000
Lavalleja;Los Tapes;30000
Lavalleja;Manguera Azul;30000
Lavalleja;Marco de los Reyes;30000
Lavalleja;Mariscala;30000
Lavalleja;Marmaraja;20500
Lavalleja;Minas;30000
Lavalleja;Molles de Aigua;30000
Lavalleja;Molles de Cañada Grande;30300
Lavalleja;Molles del Sauce;34100
Lavalleja;Ombues de Bentancor;30000
Lavalleja;Ortiz Castro;30000
Lavalleja;Paso Arbelo;30100
Lavalleja;Paso de los Troncos;20500
Lavalleja;Paso de Mesa;30000
Lavalleja;Piraraja;30000
Lavalleja;Polanco;30000
Lavalleja;Polanco Norte;30000
Lavalleja;Polanco Sur;30000
Lavalleja;Pororo;20500
Lavalleja;Puente de Marmaraja;20500
Lavalleja;Puntas de Barriga Negra;30000
Lavalleja;Puntas de los Chanchos;30000
Lavalleja;Puntas del Perdido;30000
Lavalleja;Puntas de Polanco;30000
Lavalleja;Puntas de San Francisco;30000
Lavalleja;Puntas de Santa Lucia;30000
Lavalleja;Puntas de Solis;30000
Lavalleja;Puntas de Vejigas;30000
Lavalleja;Retamosa;30300
Lavalleja;Rincón de Cebollati;30300
Lavalleja;Rincón de Mariscala;30000
Lavalleja;Rincón de Silva;30000
Lavalleja;Roldan;30000
Lavalleja;San Francisco de las Sierras;30000
Lavalleja;Santa Lucia;30000
Lavalleja;Sarandi de Gutierrez;30300
Lavalleja;Sauce de Aigua;20500
Lavalleja;Sauce de Olimar Chico;34100
Lavalleja;Sierras Blancas;30000
Lavalleja;Soldado;30000
Lavalleja;Solis;30000
Lavalleja;Solis de Mataojo;30100
Lavalleja;Solis Grande;91700
Lavalleja;Tapes Chico;30000
Lavalleja;Tapes Grande;30000
Lavalleja;Valle de Solis;30000
Lavalleja;Vejigas;30000
Lavalleja;Velazquez;30000
Lavalleja;Verdun;30000
Lavalleja;Villa del Rosario;30000
Lavalleja;Villa Serrana;30000
Lavalleja;Zapican;34100
Limite Contestado;Limite Contestado;40200
Limite Contestado;Masoller;40200
Maldonado;Abra de Castellanos;30100
Maldonado;Abra de Perdomo;20400
Maldonado;Aigua;20500
Maldonado;Alfaro;20400
Maldonado;Alferez;20500
Maldonado;Arenas de José Ignacio;20000
Maldonado;Arroyito de Medina;20400
Maldonado;Balneario Buenos Aires;20000
Maldonado;Barra del Sauce;20000
Maldonado;Barra de Portezuelo;20200
Maldonado;Barrio Hipodromo;20000
Maldonado;Barrio Hipodromo;20400
Maldonado;Barrio Kennedy;20000
Maldonado;Bella Vista;20200
Maldonado;Buenos Aires;20000
Maldonado;Canteras de Marelli;20400
Maldonado;Cañada Bellaca;20400
Maldonado;Cañada de la Cruz;20400
Maldonado;Carape;20400
Maldonado;Carlos Cal;20400
Maldonado;Cerro Pelado;20000
Maldonado;Cerros Azules;20200
Maldonado;Cerros Azules;20300
Maldonado;Chihuahua;20000
Maldonado;Colonia J. Suárez;20200
Maldonado;Coronilla;20500
Maldonado;Corte de la Leña;20400
Maldonado;Costas de José Ignacio;20400
Maldonado;Eden Rock;20000
Maldonado;El Chorro;20000
Maldonado;El Eden;20000
Maldonado;El Quijote;20400
Maldonado;El Tesoro;20000
Maldonado;Faro José Ignacio;20000
Maldonado;Faro José Ignacio Norte;20000
Maldonado;Garzon;20400
Maldonado;Gerona;20300
Maldonado;Gregorio Aznarez;20300
Maldonado;Guardia Vieja;20400
Maldonado;José Ignacio;20400
Maldonado;La Barra;20000
Maldonado;La Capuera;20000
Maldonado;La Falda;20200
Maldonado;Lago de los Cisnes;20000
Maldonado;Laguna Blanca;20000
Maldonado;Laguna del Sauce;20000
Maldonado;La Juanita;20000
Maldonado;Las Cañas;20400
Maldonado;Las Cumbres;20000
Maldonado;Las Flores;20200
Maldonado;Las Flores - Estación;20200
Maldonado;La Sierra;20300
Maldonado;La Sonrisa;20000
Maldonado;Los Aromos;20000
Maldonado;Los Ceibos;20400
Maldonado;Los Corchos;20000
Maldonado;Los Talas;27300
Maldonado;Maldonado;20000
Maldonado;Maldonado;20400
Maldonado;Manantiales;20000
Maldonado;Mataojo;20000
Maldonado;Miramar;20000
Maldonado;Molles de Garzon;20400
Maldonado;Nueva Carrara;20300
Maldonado;Ocean Park;20000
Maldonado;Pago de la Paja;20400
Maldonado;Pan de Azucar;20300
Maldonado;Parque Medina;20400
Maldonado;Partido Norte;20400
Maldonado;Partido Oeste;20400
Maldonado;Paso de la Cantera;20400
Maldonado;Paso de los Talas;20500
Maldonado;Pinares - las Delicias;20000
Maldonado;Piriapolis;20200
Maldonado;Playa Grande;20200
Maldonado;Playa Hermosa;20200
Maldonado;Playa Verde;20200
Maldonado;Portezuelo;20000
Maldonado;Pueblo Solis;20300
Maldonado;Punta Ballena;20000
Maldonado;Punta Colorada;20200
Maldonado;Punta del Este;20000
Maldonado;Punta del Este;20100
Maldonado;Punta Fria;20200
Maldonado;Punta Negra;20200
Maldonado;Puntas de José Ignacio;20400
Maldonado;Puntas de la Sierra;20300
Maldonado;Puntas del Campanera;20400
Maldonado;Puntas de Mataojo;20000
Maldonado;Puntas de Pan de Azucar;20000
Maldonado;Rincón de Aparicio;27300
Maldonado;Rincón del Indio;20000
Maldonado;Rincón de los Sosa;20000
Maldonado;Ruta 37 y 9;20300
Maldonado;Salamanca;20500
Maldonado;San Carlos;20400
Maldonado;San Francisco;20200
Maldonado;San Juan del Este;20000
Maldonado;San Rafael - el Placer;20000
Maldonado;Santa Monica;20000
Maldonado;San Vicente;20000
Maldonado;Sarandi de Aigua;20500
Maldonado;Sarandi del Mataojo;20000
Maldonado;Sauce de Aigua;20500
Maldonado;Sauce de Portezuelo;20000
Maldonado;Solis;20200
Maldonado;Valdivia;20500
Maldonado;Villa Delia;20000
Maldonado;Zanja del Tigre;20000
Montevideo;Abayuba;12400
Montevideo;Aguada;11800
Montevideo;Aires Puros;11700
Montevideo;Aires Puros;12300
Montevideo;Atahualpa;11700
Montevideo;Atahualpa;11800
Montevideo;Bañados de Carrasco;13000
Montevideo;Barrio Sur;11100
Montevideo;Barrio Sur;11200
Montevideo;Belvedere;11900
Montevideo;Belvedere;12900
Montevideo;Brazo Oriental;11700
Montevideo;Buceo;11300
Montevideo;Buceo;11400
Montevideo;Buceo;11600
Montevideo;Capurro, Bella Vista;11700
Montevideo;Capurro, Bella Vista;11800
Montevideo;Carrasco;11500
Montevideo;Carrasco Norte;11500
Montevideo;Casabo, Pajas Blancas;12800
Montevideo;Casavalle;12300
Montevideo;Castro, P. Castellanos;12000
Montevideo;Centro;11100
Montevideo;Centro;11200
Montevideo;Cerrito;12300
Montevideo;Cerro;12800
Montevideo;Ciudad Vieja;11000
Montevideo;Ciudad Vieja;11100
Montevideo;Ciudad Vieja;11800
Montevideo;Colon Centro y Noroeste;12400
Montevideo;Colon Centro y Noroeste;12500
Montevideo;Colon Centro y Noroeste;12900
Montevideo;Colon Sureste, Abayuba;12400
Montevideo;Conciliacion;12600
Montevideo;Conciliacion;12900
Montevideo;Cordon;11200
Montevideo;Cordon;11800
Montevideo;Flor de Maroñas;12000
Montevideo;Flor de Maroñas;12100
Montevideo;Flor de Maroñas;13000
Montevideo;Ituzaingo;12000
Montevideo;Jacinto Vera;11800
Montevideo;Jardines del Hipodromo;12000
Montevideo;Jardines del Hipodromo;13000
Montevideo;La Blanqueada;11600
Montevideo;La Comercial;11600
Montevideo;La Comercial;11800
Montevideo;La Figurita;11800
Montevideo;La Paloma, Tomkinson;12600
Montevideo;La Paloma, Tomkinson;12800
Montevideo;Larrañaga;11600
Montevideo;Las Acacias;12300
Montevideo;Las Canteras;11400
Montevideo;Las Canteras;12100
Montevideo;Las Canteras;13000
Montevideo;La Teja;11900
Montevideo;La Teja;12800
Montevideo;Lezica, Melilla;12500
Montevideo;Lezica, Melilla;12600
Montevideo;Malvin;11400
Montevideo;Malvin Norte;11400
Montevideo;Manga;12300
Montevideo;Manga;13000
Montevideo;Manga, Toledo Chico;12300
Montevideo;Manga, Toledo Chico;12400
Montevideo;Manga, Toledo Chico;13000
Montevideo;Maroñas, Parque Guarani;12100
Montevideo;Melilla;12500
Montevideo;Melilla;12600
Montevideo;Mercado Modelo, Bolivar;11600
Montevideo;Mercado Modelo, Bolivar;11700
Montevideo;Mercado Modelo, Bolivar;12000
Montevideo;Nuevo Paris;11900
Montevideo;Nuevo Paris;12600
Montevideo;Nuevo Paris;12900
Montevideo;Pajas Blancas;12800
Montevideo;Palermo;11200
Montevideo;Parque Rodo;11200
Montevideo;Parque Rodo;11300
Montevideo;Paso de la Arena;12600
Montevideo;Paso de la Arena;12800
Montevideo;Paso de las Duranas;12900
Montevideo;Peñarol, Lavalleja;12400
Montevideo;Peñarol, Lavalleja;12900
Montevideo;Piedras Blancas;12300
Montevideo;Piedras Blancas;13000
Montevideo;Pocitos;11300
Montevideo;Pque. Batlle, V. Dolores;11600
Montevideo;Prado, Nueva Savona;11700
Montevideo;Prado, Nueva Savona;11900
Montevideo;Pta. Rieles, Bella Italia;13000
Montevideo;Punta Carretas;11200
Montevideo;Punta Carretas;11300
Montevideo;Punta Gorda;11400
Montevideo;Reducto;11800
Montevideo;Santa Catalina;12800
Montevideo;Santiago Vazquez;12600
Montevideo;Santiago Vazquez;12800
Montevideo;Sayago;12900
Montevideo;Toledo Chico;12400
Montevideo;Toledo Chico;13000
Montevideo;Tres Cruces;11200
Montevideo;Tres Cruces;11600
Montevideo;Tres Cruces;11800
Montevideo;Tres Ombues, Victoria;11900
Montevideo;Tres Ombues, Victoria;12800
Montevideo;Unión;11400
Montevideo;Unión;11600
Montevideo;Unión;12000
Montevideo;Unión;12100
Montevideo;Villa Española;12000
Montevideo;Villa Garcia, Manga Rur.;13000
Montevideo;Villa Muñoz, Retiro;11800
Paysandú;Al Sur de Arroyo Sacra;60000
Paysandú;Araujo;60000
Paysandú;Arbolito (totoral);60100
Paysandú;Arroyo Malo;60200
Paysandú;Arroyo Negro;60300
Paysandú;Beisso;60100
Paysandú;Bella Vista;50000
Paysandú;Cangue;60000
Paysandú;Cañada del Pueblo;60000
Paysandú;Carumbe;60000
Paysandú;Casa Blanca;60000
Paysandú;Cerro Chato;60000
Paysandú;Chacras de Paysandú;60000
Paysandú;Chacras de Paysandú Norte;60000
Paysandú;Chacras de Paysandú Sur;60000
Paysandú;Chapicuy;50000
Paysandú;Colonia Arroyo Malo;60200
Paysandú;Colonia Cangue;60000
Paysandú;Colonia Juncal;60100
Paysandú;Colonia las Delicias;60000
Paysandú;Colonia Paysandú;60000
Paysandú;Colonia Santa Blanca;60200
Paysandú;Colonia Uruguaya;60000
Paysandú;Constancia;60000
Paysandú;Costa de Sacra;60000
Paysandú;Cuchilla de Buricayupi;60000
Paysandú;Cuchilla de Fuego;60100
Paysandú;Cuchilla San José;60000
Paysandú;El Chaco;60000
Paysandú;El Duraznal;60000
Paysandú;El Eucaliptus;60000
Paysandú;El Horno;60000
Paysandú;El Tarugo;60000
Paysandú;Estación Porvenir;60000
Paysandú;Etchemendi;60000
Paysandú;Gallinal;60000
Paysandú;Guaviyu de Quebracho;60200
Paysandú;Guayabos;60000
Paysandú;Guichon;60100
Paysandú;La Lata Ruta 3 (km. 375);60000
Paysandú;La Paz (ruta 3 Km. 346);60000
Paysandú;Las Flores;60300
Paysandú;Las Palmas;60000
Paysandú;La Tentacion;60000
Paysandú;Lorenzo Geyres;60000
Paysandú;Merinos;60100
Paysandú;Molles Grande;60000
Paysandú;Morato (tres Arboles);60100
Paysandú;Nuevo Paysandú;60000
Paysandú;Orgoroso;60000
Paysandú;Palmar del Quebracho;60200
Paysandú;Parada Dayman;50000
Paysandú;Parada Pandule;60000
Paysandú;Parada Rivas;60200
Paysandú;Paso de los Carros;60000
Paysandú;Paysandú;60000
Paysandú;Perico Moreno;60000
Paysandú;Piedras Coloradas;60300
Paysandú;Piedra Sola;45000
Paysandú;Piñera;60100
Paysandú;Porvenir;60000
Paysandú;Pueblo Alonzo;60100
Paysandú;Pueblo Esperanza;60000
Paysandú;Pueblo Federacion;60000
Paysandú;Puntas de Arroyo Negro;60300
Paysandú;Puntas de Bacacua;60000
Paysandú;Puntas de Buricayupi;60000
Paysandú;Puntas de Cangue;60000
Paysandú;Puntas de Gualeguay;60000
Paysandú;Puntas de las Isletas;60000
Paysandú;Quebracho;60200
Paysandú;Queguayar;60000
Paysandú;Queguay Grande;60000
Paysandú;Rabon;60000
Paysandú;San Felix;60000
Paysandú;San Francisco;60000
Paysandú;San Mauricio;50000
Paysandú;San Miguel;60000
Paysandú;Santa Kilda;60200
Paysandú;Sauce de Abajo;60000
Paysandú;Sauce del Buricayupi;60000
Paysandú;Sauce del Queguay;60000
Paysandú;Soto;60000
Paysandú;Tambores;45000
Paysandú;Termas de Almiron;60100
Paysandú;Termas de Guaviyu;60200
Paysandú;Tomás Paz;50000
Paysandú;Tres Bocas;60000
Paysandú;Valdez;60000
Paysandú;Villa María (tiatucura);60100
Paysandú;Zeballos;60000
Río Negro;Algorta;65100
Río Negro;Arroyo Negro;60000
Río Negro;Barrio Anglo;65000
Río Negro;Bellaco;65100
Río Negro;Cañitas;65000
Río Negro;Caracoles;65000
Río Negro;Colonia el Ombu;65100
Río Negro;Colonia John F. Kennedy;65100
Río Negro;Don Esteban;65100
Río Negro;El Abrojal;65000
Río Negro;El Progreso;45100
Río Negro;El Surco;65100
Río Negro;Estación Francia;45100
Río Negro;Estancia Vichadero;65100
Río Negro;Fray Bentos;65000
Río Negro;Isla de Arguelles;45100
Río Negro;La Arena;97000
Río Negro;La Coronilla;45100
Río Negro;La Florida;65100
Río Negro;La Palma;45100
Río Negro;Las Cañas;65000
Río Negro;Las Flores;65100
Río Negro;Las Fracciones;65000
Río Negro;Las Margaritas;65000
Río Negro;La Unión;65100
Río Negro;Los Arrayanes;75000
Río Negro;Los Mellizos;60100
Río Negro;Los Ranchos;65000
Río Negro;Mataojo;65100
Río Negro;Menafra;65100
Río Negro;Merinos;60100
Río Negro;Molles de Porrua;65100
Río Negro;Nuevo Berlin;65000
Río Negro;Ombucitos;65000
Río Negro;Palmar Grande;60100
Río Negro;Paso de Balbuena;65100
Río Negro;Paso de Leopoldo;65100
Río Negro;Paso de los Cobres;65100
Río Negro;Paso de Soca;45100
Río Negro;Paso Ramirez;97000
Río Negro;Pauru;65100
Río Negro;Porton Haedo;65000
Río Negro;Pte. San Martín;65000
Río Negro;Pueblo Grecco;65100
Río Negro;Puntas de Averias;60100
Río Negro;Rolon;45100
Río Negro;Sanchez;65100
Río Negro;Sanchez Chico;65100
Río Negro;San Javier;65000
Río Negro;San Lorenzo;65000
Río Negro;Santa Elisa;60000
Río Negro;Santa Isabel;65100
Río Negro;Santa Rosa;45100
Río Negro;Sarandi;65100
Río Negro;Sarandi de Navarro;45100
Río Negro;Sauce;65100
Río Negro;Tres Bocas;65100
Río Negro;Tres Quintas;65000
Río Negro;Uleste;60000
Río Negro;Valle de Soba;65100
Río Negro;Villa General Borges;65100
Río Negro;Villa María;65100
Río Negro;Yaguarete;65000
Río Negro;Young;65100
Rivera;Abrojal;41200
Rivera;Alborada;41200
Rivera;Amarillo;41200
Rivera;Arroyo Blanco;41200
Rivera;Arroyo Sauzal;40000
Rivera;Ataques;40000
Rivera;Bañado del Chaja;40000
Rivera;Barra de Ataques;40000
Rivera;Barrio Recreo;40000
Rivera;Batovi;40000
Rivera;Berruti;41100
Rivera;Blanquillos;41100
Rivera;Buena Orden al Norte;41100
Rivera;Buena Unión;40100
Rivera;Capon Alto;40000
Rivera;Caraguata;41200
Rivera;Carpinteria;41100
Rivera;Cerrillada;40000
Rivera;Cerro Alegre;40100
Rivera;Cerro Blanco de Cuñapiru;41100
Rivera;Cerro Caqueiro;40000
Rivera;Cerro Chapeu;40000
Rivera;Cerro Chato;41200
Rivera;Cerro Pelado;41100
Rivera;Cerro Pelado al Este;41100
Rivera;Cerros Blancos;41200
Rivera;Cerros de la Calera;41100
Rivera;Cerro Solito;40000
Rivera;Chirca de Caraguata;41200
Rivera;Coronilla;41200
Rivera;Coronilla de Corrales;41100
Rivera;Costas de Cuñapiru;41100
Rivera;Cruz de San Pedro;40000
Rivera;Cuchilla de Tres Cerros;40000
Rivera;Cuchilla de Yaguari;41100
Rivera;Cuchilla Mangueras;40000
Rivera;Cuñapiru;41100
Rivera;Curticeiras;40000
Rivera;Curtume;41100
Rivera;El Ceibo;41200
Rivera;El Palmito;41200
Rivera;Guaviyu;40000
Rivera;Hospital;41200
Rivera;La Caillava;40000
Rivera;La Calera;41100
Rivera;La Cerrillada;41200
Rivera;La Chilca;41200
Rivera;Lagos del Norte;40000
Rivera;Lagunon;40000
Rivera;La Palma;40100
Rivera;La Pedrera;40000
Rivera;Las Flores;41100
Rivera;Laureles;41100
Rivera;Los Potreros;40100
Rivera;Lunarejo;40100
Rivera;Mandubi;40000
Rivera;Manuel Diaz;45000
Rivera;Masoller;40200
Rivera;Minas de Corrales;41100
Rivera;Minas de Cuñapiru (usinas);41100
Rivera;Minas de Zapucay;41100
Rivera;Moirones;41200
Rivera;Parada Medina;40100
Rivera;Paso Amarillo;41200
Rivera;Paso Ataques;40000
Rivera;Paso Casildo;41100
Rivera;Paso de Arriera;41200
Rivera;Paso de Ataques;40100
Rivera;Paso de Frontera;41200
Rivera;Paso de Gaire;45000
Rivera;Paso de la Arena;40100
Rivera;Paso de la Calera;40100
Rivera;Paso del Lagunon;40000
Rivera;Paso del Puerto;41200
Rivera;Paso del Tapado;40000
Rivera;Paso Lapuente;40000
Rivera;Paso Serpa;40000
Rivera;Piedras Blancas;40100
Rivera;Platon;40000
Rivera;Pueblo de los Santos;41200
Rivera;Pueblo Socorro;41200
Rivera;Puntas de Abrojal;41200
Rivera;Puntas de Corrales;40000
Rivera;Puntas de Cuñapiru;40000
Rivera;Puntas del Sauzal;40100
Rivera;Puntas del Yaguari;40000
Rivera;Rincón de Amarillo;41200
Rivera;Rincón de Diniz;45000
Rivera;Rincón de los Castillos;41100
Rivera;Rincón de Moraes;40100
Rivera;Rincón de Rodriguez;41200
Rivera;Rincón de Roland;41100
Rivera;Rincón de Tres Cerros;45000
Rivera;Rincón de Yaguari;41200
Rivera;Rivera;40000
Rivera;San Gregorio;41100
Rivera;Santa Ernestina;41100
Rivera;Santa Isabel;40000
Rivera;Santa Teresa;40000
Rivera;Sauce de Batovi;40000
Rivera;Sauzal;40100
Rivera;Segarra;41100
Rivera;Tranqueras;40100
Rivera;Tres Cerros;45000
Rivera;Tres Cruces;40000
Rivera;Tres Puentes;40000
Rivera;Vichadero;41200
Rivera;Villa Indart;40000
Rivera;Yaguari;40000
Rivera;Zanja Honda;41200
Rivera;Zanja Honda de Tranqueras;40100
Rocha;18 de Julio;27100
Rocha;19 de Abril;27000
Rocha;Abra de Alferez;27300
Rocha;Aguas Dulces;27200
Rocha;Alferez;27300
Rocha;Antoniopolis;27400
Rocha;Arachania;27400
Rocha;Arbolito;27000
Rocha;Balneario Pueblo Nuevo;27400
Rocha;Barra del Chuy;27100
Rocha;Barra de Valizas;27200
Rocha;Barra Isla Negra;27300
Rocha;Barrancas de la Coronilla;27100
Rocha;Barrancas de la Pedrera;27400
Rocha;Barrio Cardozo;27200
Rocha;Barrio Pereira;27100
Rocha;Barrio Porvenir;27300
Rocha;Barrio Torres;27200
Rocha;Cabo Polonio;27200
Rocha;Capacho;27100
Rocha;Castillos;27200
Rocha;Cebollati;27300
Rocha;Cerro de los Rocha;27200
Rocha;Cerro de Pescadores;27200
Rocha;Chuy;27100
Rocha;Colonia Greissing;27300
Rocha;Coronilla del Mar;27200
Rocha;Costa Azul;27400
Rocha;Costas de Cebollati;27300
Rocha;Cuchilla de Garzon;27000
Rocha;Cuchilla del Arbolito;27300
Rocha;Diamante de la Pedrera;27400
Rocha;El Canelon;27000
Rocha;El Chimango;27300
Rocha;Empalme de Velazquez;27300
Rocha;Fortin de San Miguel;27100
Rocha;Garzon Abajo;27000
Rocha;Garzon al Medio;27000
Rocha;Garzon Arriba;27000
Rocha;India Muerta;27000
Rocha;Isla Negra;27300
Rocha;Kilometro 18;27000
Rocha;La Aguada;27400
Rocha;La Aguada y Costa Azul;27400
Rocha;La Centinela;27000
Rocha;La Coronilla;27100
Rocha;La Coronilla Fishing Club;27200
Rocha;La Esmeralda;27200
Rocha;La Fortaleza de Santa Teresa;27100
Rocha;La Pedrera;27400
Rocha;La Ribiera;27000
Rocha;Lascano;27300
Rocha;La Sierra;27000
Rocha;La Tuna;27300
Rocha;Lomas;27000
Rocha;Los Ajos;27300
Rocha;Los Cerrillos;27000
Rocha;Los Indios;27100
Rocha;Mar del Plata;27400
Rocha;Oceania del Polonio;27400
Rocha;Oratorio;27200
Rocha;Palmar;27200
Rocha;Palmar de Castillos;27200
Rocha;Palmares de la Coronilla;27100
Rocha;Paralle;27000
Rocha;Paso del Bañado;27200
Rocha;Paso del Ombu;27300
Rocha;Paso de Lopez;27300
Rocha;Paso Doña Rosa;27000
Rocha;Pedrera Norte;27400
Rocha;Picada Tolosa;27000
Rocha;Plano 291;27200
Rocha;Pueblo Nuevo;27400
Rocha;Puente Valizas;27200
Rocha;Puerto de los Botes;27000
Rocha;Puerto la Paloma;27400
Rocha;Puimayen;27100
Rocha;Punta Cebollati;27300
Rocha;Punta del Diablo;27200
Rocha;Punta Palmar;27200
Rocha;Punta Rubia;27400
Rocha;Puntas de Don Carlos;27000
Rocha;Quebracho;27300
Rocha;Rincón de los Olivera;27200
Rocha;Rincón de Valizas;27200
Rocha;Rocha;27000
Rocha;Samuel;27100
Rocha;San Antonio;27400
Rocha;San Luis al Medio;27300
Rocha;San Sebastián;27400
Rocha;San Sebastián de la Pedrera;27400
Rocha;Santa Isabel de la Pedrera;27400
Rocha;Santa Teresa de la Coronilla 1;27200
Rocha;Santa Teresa de la Coronilla 2;27200
Rocha;Sarandi de la India Muerta;27000
Rocha;Sauce de Rocha;27000
Rocha;Sierra de los Rocha;27000
Rocha;Tajamares de la Pedrera;27400
Rocha;Velazquez;27300
Rocha;Vuelta del Palmar;27200
Salto;Arenitas Blancas;50000
Salto;Balneario Albisu;50000
Salto;Belén;50200
Salto;Biassini;50000
Salto;Bordenave;50000
Salto;Campo de Todos;50000
Salto;Carumbe;50000
Salto;Celeste;50000
Salto;Cerrillada;50000
Salto;Cerrilladas de Saucedo;50000
Salto;Cerro Chato;50000
Salto;Cerros de Vera;50000
Salto;Chacras de Belén;50200
Salto;Chacras de Constitución;50100
Salto;Colonia 18 de Julio;50000
Salto;Colonia Itapebi;50000
Salto;Colonia Lavalleja;50000
Salto;Colonia Osimani;50000
Salto;Colonia Rubio;50000
Salto;Constitución;50100
Salto;Corral de Piedra;50000
Salto;Corralito;50000
Salto;Cuchilla de Guaviyu;50000
Salto;Cuchilla del Salto;50000
Salto;El Espinillar;50100
Salto;El Mellado;50000
Salto;Ferreira;50000
Salto;Garibaldi;50000
Salto;Guaviyu de Arapey;50000
Salto;Itapebi;50000
Salto;La Bolsa;50000
Salto;La Bolsa 02;50000
Salto;La Bolsa 03;50000
Salto;La Caballada;50000
Salto;Las Flores;50000
Salto;Laureles;50000
Salto;La Viticola;50000
Salto;Lluveras;50000
Salto;Los Orientales;50000
Salto;Mataojito;50000
Salto;Mataojo Grande;50000
Salto;Nueva Hesperides;50000
Salto;Olivera;50000
Salto;Osimani y Llerena;50000
Salto;Palomas;50000
Salto;Parada Herreria;50000
Salto;Parque José Luis;50000
Salto;Paso Cementerio;50000
Salto;Paso de las Piedras de Arerungua;50000
Salto;Paso del Parque del Dayman;50000
Salto;Paso del Potrero;50000
Salto;Paso del Tapado;50000
Salto;Paso Fialho;50000
Salto;Paso Nuevo del Arapey;50000
Salto;Paso Valega;50000
Salto;Pepe Nuñez;50000
Salto;Pueblo Cayetano;50000
Salto;Pueblo Farias;50000
Salto;Pueblo Fernandez;50000
Salto;Pueblo Quintana;50000
Salto;Pueblo Ramos;50000
Salto;Puntas de Valentín;50000
Salto;Rincón de Valentín;50000
Salto;Russo;50000
Salto;Salto;50000
Salto;San Antonio;50000
Salto;Sarandi de Arapey;50000
Salto;Sauce Chico;50000
Salto;Saucedo;50000
Salto;Sopas;50000
Salto;Talas de Itapebi;50000
Salto;Termas del Arapey;50000
Salto;Termas del Dayman;50000
Salto;Toro Negro;50000
Salto;Tropezon;50000
Salto;Tropiezo;50000
Salto;Valentín Grande;50000
Salto;Yacuy;50200
Salto;Zanja de Alcain;50000
Salto;Zanja del Tigre;50000
San José;18 de Julio;90200
San José;Arroyo de la Virgen;80000
San José;Arroyo Llano;80000
San José;Autodromo;80500
San José;Autodromo Nacional;80500
San José;Bañado;80000
San José;Bella Vista;80000
San José;Boca del Cufre;80300
San José;Cagancha;80400
San José;Cagancha Chico;80000
San José;Cañada Grande;80000
San José;Capurro;90200
San José;Carreta Quemada;80000
San José;Ceramicas del Sur;80500
San José;Chamizo;80000
San José;Ciudad del Plata;80500
San José;Cololo Tinosa;80100
San José;Colonia America;80000
San José;Colonia Delta;80300
San José;Colonia Dr. Bernardo Etchepare;90200
San José;Colonia Fernandez Crespo;80200
San José;Colonia Italia;80100
San José;Colonia Juan María Perez;80100
San José;Colonia San Joaquín;80200
San José;Colonia Wilson;80500
San José;Coronilla;80000
San José;Costa del Mauricio;80100
San José;Costas del Sauce;80000
San José;Costas de Pereira;80200
San José;Cruz de los Caminos;80000
San José;Cuchilla del Vichadero;80400
San José;Cuchilla de Pereira;80000
San José;Cuchilla Seca;80000
San José;Delta el Tigre;80500
San José;Ecilda Paullier;80300
San José;Escudero;80000
San José;Estación Rodriguez;80400
San José;Fajardo;80000
San José;Fajina;80000
San José;Gonzalez;80000
San José;Guaycuru;85000
San José;Ituzaingo;90200
San José;Jesus María;80000
San José;Juan Soler;80000
San José;Juncal;80000
San José;Kiyu - Ordeig;80100
San José;La Boyada;80300
San José;La Casilla;80000
San José;La Cuchilla;80400
San José;Laurel;80000
San José;Libertad;80100
San José;Mahoma;80000
San José;Mal Abrigo;80000
San José;Mangrullo;80200
San José;Monte Grande;80500
San José;Mundo Azul;80000
San José;Mundo Azul Aguirre;80000
San José;Orillas del Plata;80100
San José;Pachina;80000
San José;Panta;80000
San José;Pantanoso;80000
San José;Parque Postel;80500
San José;Parque Postel Cnel. Adrian Medina;80500
San José;Paso Belastiqui;90200
San José;Paso de Cames;80000
San José;Paso de las Piedras;80200
San José;Paso del Carreton;80000
San José;Paso del Guaycuru;85000
San José;Paso del Rey;80000
San José;Paso de Mas;80000
San José;Pavon;80000
San José;Penino;80500
San José;Perico Perez;80000
San José;Picada Gambetta;80300
San José;Playa Pascual;80500
San José;Pueblo Nuevo;90200
San José;Puntas de Cagancha;80000
San José;Puntas de Cañada Grande;80000
San José;Puntas de Chamizo;80000
San José;Puntas de Gregorio;80000
San José;Puntas de Laurel;80000
San José;Puntas de Tropa Vieja;80100
San José;Puntas de Valdez;80100
San José;Radial Ruta 3;80100
San José;Rafael Perazza;80200
San José;Raigon;80000
San José;Rincón de Albano;90200
San José;Rincón de Arazati;80300
San José;Rincón de Arias;80000
San José;Rincón de Buschental;80100
San José;Rincón de Cufre;80300
San José;Rincón de la Bolsa;80500
San José;Rincón de la Torre;80400
San José;Rincón del Pino;80200
San José;Rincón de Nazareth;80000
San José;Rocho;80000
San José;Safici;80500
San José;San Fernando;80500
San José;San Fernando Chico;80500
San José;San Gregorio;80000
San José;San José de Mayo;80000
San José;Santa Monica;80500
San José;Sauce;80100
San José;Sauce Chico;80100
San José;Scavino;80300
San José;Tabarez;80000
San José;Tala de Pereira;80000
San José;Tranquera Colorada;80000
San José;Tropas Viejas;80500
San José;Tropezon;80400
San José;Valdez Chico;80100
San José;Villa María;80000
San José;Villa Olimpica;80500
San José;Villa Rives;80500
San José;Zanja Honda;80000
Soriano;Agraciada;70700
Soriano;Altos del Perdido;75200
Soriano;Arenal Chico;75100
Soriano;Arroyo del Medio;75300
Soriano;Arroyo Grande;75200
Soriano;Asencio;75000
Soriano;Azotea de Vera;75000
Soriano;Bajos del Perdido;75200
Soriano;Bequelo;75000
Soriano;Bizcocho;75100
Soriano;Buena Vista;75100
Soriano;Cañada Magallanes;75100
Soriano;Cañada Nieto;75100
Soriano;Cañada Paraguaya;75100
Soriano;Cardona;75200
Soriano;Castillos;70100
Soriano;Cerro Alegre;75000
Soriano;Cerro Vera;75000
Soriano;Chacras de Dolores;75100
Soriano;Chacras de Mercedes;75000
Soriano;Cololo;75000
Soriano;Colonia Concordia;75100
Soriano;Colonia Diaz;75000
Soriano;Colonia Larrañaga;75200
Soriano;Colonia Santa Clara;75200
Soriano;Colonia Uruguaya;75200
Soriano;Coquimbo;75500
Soriano;Corralito;75100
Soriano;Costa del Aguila;75100
Soriano;Costas del Perdido;75200
Soriano;Cuatro Bocas de Buena Vista;75100
Soriano;Cuchilla del Corralito;75400
Soriano;Cuchilla del Perdido;75200
Soriano;Cueva del Tigre;75200
Soriano;Dolores;75100
Soriano;Duraznito;75200
Soriano;Egaña;75200
Soriano;El Aguila;75500
Soriano;El Tala;75000
Soriano;Espinillo;75100
Soriano;Garula;75500
Soriano;Grito de Asencio;75000
Soriano;José Enrique Rodo;75400
Soriano;La Concordia;75100
Soriano;La Laguna;75200
Soriano;La Loma;75100
Soriano;La Palma;75100
Soriano;Lares;70100
Soriano;Las Maulas;75100
Soriano;La Tabla;75000
Soriano;Lata del Perdido;75200
Soriano;Maciel;75100
Soriano;Mercedes;75000
Soriano;Monzon;75200
Soriano;Olivera;75500
Soriano;Palmar;75000
Soriano;Palmitas;75500
Soriano;Palo Solo;75100
Soriano;Parada Suárez;75400
Soriano;Paso de la Arena;75100
Soriano;Paso de Ramos;75100
Soriano;Pedro Chico;75500
Soriano;Perseverano;70100
Soriano;Progreso;75000
Soriano;Puntas de Arenales;70700
Soriano;Puntas de Durazno;75400
Soriano;Puntas del Tala;75200
Soriano;Puntas de San Salvador;75200
Soriano;Rincón de Cañada Nieto;75100
Soriano;Rincón de Cololo;75000
Soriano;Rincón de Ruiz;75100
Soriano;Risso;75200
Soriano;San Dios;75000
Soriano;San Martín;75400
Soriano;Santa Blanca;75000
Soriano;Santa Catalina;75300
Soriano;Sarandi Chico;75000
Soriano;Unidad Cooperaria No 1;75000
Soriano;Villa Alejandrina;70700
Soriano;Villa Darwin;75000
Soriano;Villa Soriano;75100
Soriano;Zanja Honda;75300
Tacuarembó;Achar;45000
Tacuarembó;Arroyo del Medio;45000
Tacuarembó;Ataque;45000
Tacuarembó;Balneario Iporá;45000
Tacuarembó;Bañado de Cañas;45000
Tacuarembó;Bañado de Rocha;45000
Tacuarembó;Barrio la Matutina;45000
Tacuarembó;Barrio Libertad;45000
Tacuarembó;Barrio Lopez;45000
Tacuarembó;Barrio Santangelo;45000
Tacuarembó;Barrio Torres;45000
Tacuarembó;Blanquillos;45000
Tacuarembó;Cañada del Estado;45200
Tacuarembó;Cañas;45000
Tacuarembó;Caraguata al Norte;45000
Tacuarembó;Cardoso;45100
Tacuarembó;Cardozo Chico;45100
Tacuarembó;Carpinteria;45200
Tacuarembó;Cerro Batovi;45000
Tacuarembó;Cerro Chato;45200
Tacuarembó;Cerro del Arbolito;45000
Tacuarembó;Cerro de Pastoreo;45000
Tacuarembó;Cerro de Pereira;45000
Tacuarembó;Cerros de Clara;45000
Tacuarembó;Chamberlain;45100
Tacuarembó;Charata;45000
Tacuarembó;Churchill;45100
Tacuarembó;Cinco Sauces;45000
Tacuarembó;Clara;45000
Tacuarembó;Clavijo;45000
Tacuarembó;Colman;45000
Tacuarembó;Costas de Caraguata;45000
Tacuarembó;Costas de Tres Cruces;45000
Tacuarembó;Coyo Martinez;45000
Tacuarembó;Cruz de los Caminos;45000
Tacuarembó;Cuchilla de la Casa de Piedra;45000
Tacuarembó;Cuchilla de la Palma;45000
Tacuarembó;Cuchilla de Laureles;45000
Tacuarembó;Cuchilla del Ombu;45000
Tacuarembó;Cuchilla de Peralta;45100
Tacuarembó;Curtina;45000
Tacuarembó;El Empalme;45000
Tacuarembó;Estación Menendez;45100
Tacuarembó;Frigorifico Modelo;45000
Tacuarembó;Heriberto;45000
Tacuarembó;La Aldea;45000
Tacuarembó;La Bolsa 01;45000
Tacuarembó;La Bolsa 02;45000
Tacuarembó;La Hilera;45000
Tacuarembó;Lambare;45000
Tacuarembó;La Palma;45000
Tacuarembó;La Pedrera;45000
Tacuarembó;Larrayos;45000
Tacuarembó;Las Arenas;45000
Tacuarembó;Las Chircas;45000
Tacuarembó;Las Pajas;45000
Tacuarembó;Las Toscas de Caraguata;45000
Tacuarembó;Laura;45000
Tacuarembó;Laureles;45000
Tacuarembó;Los Cerros;45200
Tacuarembó;Los Coitinhos;45000
Tacuarembó;Los Cuadrados;45000
Tacuarembó;Los Feos;45000
Tacuarembó;Los Furtados;45000
Tacuarembó;Los Garcia;45000
Tacuarembó;Los Gomez;45000
Tacuarembó;Los Laureles;45200
Tacuarembó;Los Malavares;45000
Tacuarembó;Los Ortices;45000
Tacuarembó;Los Rodriguez;45000
Tacuarembó;Los Rosanos;45000
Tacuarembó;Los Rosas;45000
Tacuarembó;Los Semper;45000
Tacuarembó;Los Vazquez;45000
Tacuarembó;Martinote;45000
Tacuarembó;Minuano;45000
Tacuarembó;Montevideo Chico;45000
Tacuarembó;Once Cerros;45000
Tacuarembó;Pampa;45000
Tacuarembó;Paso Bonilla;45000
Tacuarembó;Paso de Ceferino;45000
Tacuarembó;Paso de las Carretas;45000
Tacuarembó;Paso de las Flores;45000
Tacuarembó;Paso de las Toscas;45000
Tacuarembó;Paso del Cerro;45000
Tacuarembó;Paso del Medio;45000
Tacuarembó;Paso de los Novillos;45000
Tacuarembó;Paso de los Toros;45100
Tacuarembó;Paso de Perez;45000
Tacuarembó;Paso Hondo;45000
Tacuarembó;Paso Livindo;45000
Tacuarembó;Paso Victor;45000
Tacuarembó;Picada de Cuello;45000
Tacuarembó;Piedra Sola;45000
Tacuarembó;Pueblo Clavijo;45000
Tacuarembó;Pueblo de Arriba;45000
Tacuarembó;Pueblo del Barro;45000
Tacuarembó;Punta de Carretera;45000
Tacuarembó;Puntas de Cinco Sauces;45000
Tacuarembó;Puntas de Laureles;45200
Tacuarembó;Rincón de Freitas;45000
Tacuarembó;Rincón de Giloca;45000
Tacuarembó;Rincón de la Aldea;45000
Tacuarembó;Rincón de la Bolsa;45000
Tacuarembó;Rincón de la Laguna;45000
Tacuarembó;Rincón del Bonete;45100
Tacuarembó;Rincón de los Machado;45000
Tacuarembó;Rincón de Pereira;45000
Tacuarembó;Rincón de Zamora;45000
Tacuarembó;Rivera Chico;45000
Tacuarembó;San Benito;45200
Tacuarembó;San Gregorio de Polanco;45200
Tacuarembó;San Joaquín;45000
Tacuarembó;Sauce de Batovi;45000
Tacuarembó;Sauce de Tranqueras;45000
Tacuarembó;Sauce Solo;45000
Tacuarembó;Sauce Solo del Rio Negro;45000
Tacuarembó;Tacuarembó;45000
Tacuarembó;Tacuarembó Chico;45000
Tacuarembó;Tambores;45000
Tacuarembó;Tierras Coloradas;45000
Tacuarembó;Tres Guitarras;45000
Tacuarembó;Turupi;45000
Tacuarembó;Valle Eden;45000
Tacuarembó;Villa Ansina;45000
Tacuarembó;Zambullon;45000
Tacuarembó;Zapara;45000
Tacuarembó;Zapucay;45000
Treinta y Tres;Acosta;33000
Treinta y Tres;Arrayanes de Cebollati;33000
Treinta y Tres;Arrayanes de Corral de Cebollati;33000
Treinta y Tres;Arrocera Bonomo;33000
Treinta y Tres;Arrocera el Tigre;31100
Treinta y Tres;Arrocera la Catumbera;37100
Treinta y Tres;Arrocera la Querencia;37100
Treinta y Tres;Arrocera las Palmas;31100
Treinta y Tres;Arrocera los Ceibos;31100
Treinta y Tres;Arrocera los Teros;33000
Treinta y Tres;Arrocera Mini;31100
Treinta y Tres;Arrocera Procipa;33000
Treinta y Tres;Arrocera Rincón;37100
Treinta y Tres;Arrocera San Fernando;37100
Treinta y Tres;Arrocera Santa Fe;33000
Treinta y Tres;Arrocera Zapata;31100
Treinta y Tres;Arrozal Treinta y Tres;31100
Treinta y Tres;Avestruz Chico;33000
Treinta y Tres;Bañado de Oro;31100
Treinta y Tres;Barrio Abreu;33000
Treinta y Tres;Cañada Chica;33000
Treinta y Tres;Cañada de las Piedras;33000
Treinta y Tres;Cañada del Sauce;33000
Treinta y Tres;Cerro Chato;35200
Treinta y Tres;Cerro Pelado;33000
Treinta y Tres;Cerros de Amaro;33000
Treinta y Tres;Cipa Cebollati;33000
Treinta y Tres;Cipa Olimar;33000
Treinta y Tres;Cipa Secador;33000
Treinta y Tres;Corrales de Cebollati;30300
Treinta y Tres;Costas del Arroyo Malo;33000
Treinta y Tres;Costas del Sarandi;31100
Treinta y Tres;Costas de Tacuari;37100
Treinta y Tres;Cuchilla de Dionisio;33000
Treinta y Tres;Cuchilla de Olmos;31100
Treinta y Tres;Cuchilla de Olmos;33000
Treinta y Tres;Ejido de Treinta y Tres;33000
Treinta y Tres;El Bellaco;30300
Treinta y Tres;El Carmen;35200
Treinta y Tres;El Catete;33000
Treinta y Tres;Gral. Enrique Martinez;33000
Treinta y Tres;Higuerones;33000
Treinta y Tres;Julio María Sanz;33000
Treinta y Tres;La Calavera;33000
Treinta y Tres;La Calera;33000
Treinta y Tres;La Lata;33000
Treinta y Tres;Las Chacras;33000
Treinta y Tres;Las Pavas;35100
Treinta y Tres;Lechiguana de Corrales;33000
Treinta y Tres;Los Ceibos;33000
Treinta y Tres;María Albina;30300
Treinta y Tres;María Isabel;33000
Treinta y Tres;Mate Dulce;33000
Treinta y Tres;Mendizabal;33000
Treinta y Tres;Molles de Olimar;33000
Treinta y Tres;Noques de Olimar Chico;35100
Treinta y Tres;Olimar Grande;33000
Treinta y Tres;Palo A Pique;33000
Treinta y Tres;Panteon;30300
Treinta y Tres;Paso Ancho;33000
Treinta y Tres;Paso de Averias;35100
Treinta y Tres;Paso de la Atahona;35100
Treinta y Tres;Paso de la Laguna;33000
Treinta y Tres;Paso del Sauce;30300
Treinta y Tres;Paso de Piriz;31100
Treinta y Tres;Poblado Alonzo;33000
Treinta y Tres;Puntas de Leoncho;33000
Treinta y Tres;Puntas del Oro;33000
Treinta y Tres;Puntas de los Ceibos;33000
Treinta y Tres;Puntas del Parao;33000
Treinta y Tres;Puntas de Quebracho;33000
Treinta y Tres;Rincón;33000
Treinta y Tres;Rincón de Gadea;33000
Treinta y Tres;Rincón de Iguini;33000
Treinta y Tres;Rincón de los Francos;33000
Treinta y Tres;Rincón de Quintana;33000
Treinta y Tres;Rincón de Urtubey;35100
Treinta y Tres;Santa Clara de Olimar;35300
Treinta y Tres;Sauce de Corrales;30300
Treinta y Tres;Sierra del Yerbal;33000
Treinta y Tres;Siete Casas;31100
Treinta y Tres;Treinta y Tres;33000
Treinta y Tres;Tupambae;36100
Treinta y Tres;Valentines;35100
Treinta y Tres;Verde Alto;33000
Treinta y Tres;Vergara;31100
Treinta y Tres;Villa Passano;33000
Treinta y Tres;Villa Sara;33000
Treinta y Tres;Yerbal Chico;33000
Treinta y Tres;Yerbalito;33000
